{"cameraMode":{"drawMode":0,"name":"Shaded","section":"Shading Mode"},"sceneLighting":false,"audioPlay":false,"sceneViewState":{"showFog":false,"showMaterialUpdate":false,"showSkybox":false,"showFlares":false,"showImageEffects":false,"showParticleSystems":false},"in2DMode":false,"pivot":{"x":33.8332405090332,"y":33.8333740234375,"z":0.00006341934204101563},"rotation":{"x":-0.049761902540922168,"y":0.033548835664987567,"z":-0.0016725019086152316,"w":-0.9981960654258728},"size":957.8719482421875,"orthographic":false}