{"cameraMode":{"drawMode":0,"name":"Shaded","section":"Shading Mode"},"sceneLighting":false,"audioPlay":false,"sceneViewState":{"showFog":false,"showMaterialUpdate":false,"showSkybox":false,"showFlares":false,"showImageEffects":false,"showParticleSystems":false},"in2DMode":false,"pivot":{"x":-1.6955472230911255,"y":2.9609375,"z":7.741921424865723},"rotation":{"x":0.26205018162727358,"y":-0.5752894878387451,"z":0.2014952450990677,"w":0.7481786608695984},"size":48.49317169189453,"orthographic":true}