{"cameraMode":{"drawMode":0,"name":"Shaded","section":"Shading Mode"},"sceneLighting":false,"audioPlay":false,"sceneViewState":{"showFog":false,"showMaterialUpdate":false,"showSkybox":false,"showFlares":false,"showImageEffects":false,"showParticleSystems":false},"in2DMode":false,"pivot":{"x":-2.2577717304229738,"y":0.4000000059604645,"z":0.6000002026557922},"rotation":{"x":-0.049761902540922168,"y":0.033548835664987567,"z":-0.0016725019086152316,"w":-0.9981960654258728},"size":2.2863078117370607,"orthographic":false}