{"cameraMode":{"drawMode":0,"name":"Shaded","section":"Shading Mode"},"sceneLighting":true,"audioPlay":false,"sceneViewState":{"showFog":false,"showMaterialUpdate":false,"showSkybox":false,"showFlares":false,"showImageEffects":false,"showParticleSystems":false},"in2DMode":false,"pivot":{"x":-9.876091003417969,"y":-3.4756782054901125,"z":-2.727815866470337},"rotation":{"x":-0.12064271420240402,"y":0.7813690900802612,"z":-0.15945786237716676,"w":-0.5911691188812256},"size":16.942384719848634,"orthographic":false}