{"cameraMode":{"drawMode":0,"name":"Shaded","section":"Shading Mode"},"sceneLighting":false,"audioPlay":false,"sceneViewState":{"showFog":false,"showMaterialUpdate":false,"showSkybox":false,"showFlares":false,"showImageEffects":false,"showParticleSystems":false},"in2DMode":false,"pivot":{"x":1.1920928955078126e-7,"y":0.8530062437057495,"z":-0.05882294476032257},"rotation":{"x":-0.14069734513759614,"y":-0.8201383948326111,"z":0.22830504179000855,"w":-0.5054247379302979},"size":4.8034162521362309,"orthographic":true}