{"cameraMode":{"drawMode":0,"name":"Shaded","section":"Shading Mode"},"sceneLighting":false,"audioPlay":false,"sceneViewState":{"showFog":false,"showMaterialUpdate":false,"showSkybox":false,"showFlares":false,"showImageEffects":false,"showParticleSystems":false},"in2DMode":false,"pivot":{"x":18.805267333984376,"y":43.286739349365237,"z":0.7390670776367188},"rotation":{"x":-0.08617076277732849,"y":0.2358919382095337,"z":-0.021004989743232728,"w":-0.9677233695983887},"size":98.68558502197266,"orthographic":false}