{"cameraMode":{"drawMode":0,"name":"Shaded","section":"Shading Mode"},"sceneLighting":false,"audioPlay":false,"sceneViewState":{"showFog":false,"showMaterialUpdate":false,"showSkybox":false,"showFlares":false,"showImageEffects":false,"showParticleSystems":false},"in2DMode":false,"pivot":{"x":-0.29052734375,"y":0.934814453125,"z":0.77337646484375},"rotation":{"x":0.09493883699178696,"y":-0.8786383867263794,"z":0.19638614356517793,"w":0.42475149035453799},"size":4.041658401489258,"orthographic":true}