{"cameraMode":{"drawMode":0,"name":"Shaded","section":"Shading Mode"},"sceneLighting":true,"audioPlay":false,"sceneViewState":{"showFog":false,"showMaterialUpdate":false,"showSkybox":false,"showFlares":false,"showImageEffects":false,"showParticleSystems":false},"in2DMode":false,"pivot":{"x":0.004225416108965874,"y":0.4407561123371124,"z":0.0035138113889843227},"rotation":{"x":0.027252769097685815,"y":-0.9543152451515198,"z":0.09189680963754654,"w":0.2830101549625397},"size":1.4546083211898804,"orthographic":true}